,Tom Hanks,George Harrison,Jon Jolie,John Ritter,Susan Sarandon,Donald Sutherland
Colin Hanks,0.777899,0.809672,0.685829,0.677427,0.852887,0.772269
Dhani Harrison,0.806649,0.883234,0.751057,0.81244,0.79054,0.75515
Angelina Jolie,0.291407,0.19816,0.702962,0.570057,0.374389,0.0170619
Jason Ritter,0.823039,0.743232,0.849191,0.890026,0.780179,0.753582
Eva Sarandon,0.832816,0.736976,0.670158,0.649051,0.603921,0.549789
Kiefer Sutherland,0.733202,0.880282,0.752735,0.642551,0.816333,0.804918
